id,first_name,last_name,email,gender,VIN
1,Clark,Dansey,cdansey0@issuu.com,Polygender,1FTSX2A51AE025923
2,Connie,Monkeman,cmonkeman1@va.gov,Male,1FTNX2A52AE870485
3,Barron,Lisimore,blisimore2@economist.com,Male,5TFBW5F1XCX528743
4,Phineas,Farnham,pfarnham3@over-blog.com,Male,WBA3B9G58EN526221
5,Arte,Branthwaite,abranthwaite4@sitemeter.com,Male,1GD312CG3CF155654
6,Brigid,Churly,bchurly5@ezinearticles.com,Female,5J8TB3H58GL878262
7,Zena,Ahern,zahern6@nytimes.com,Female,JTEBU5JR0F5242558
8,Sheelah,Orhrt,sorhrt7@reddit.com,Female,JH4CU2F42DC570317
9,Theressa,Osborn,tosborn8@icq.com,Female,WAUSH74F88N130256
10,Bryana,Hendonson,bhendonson9@photobucket.com,Female,1FTEX1C82AF376266
11,Ikey,Srawley,israwleya@mlb.com,Polygender,5UXFG43528L352266
12,Demetria,Hesser,dhesserb@bloomberg.com,Female,5GALVCED9AJ216535
13,Donovan,Evelyn,develync@gnu.org,Male,1G6KD54Y44U343387
14,Lurleen,Lowde,llowded@bing.com,Polygender,JH4NA21654S484130
15,Cheslie,Fyall,cfyalle@usda.gov,Female,1G6KD54Y03U026608
16,Levon,Witherdon,lwitherdonf@slate.com,Male,YV1902FH3D1981872
17,Farr,Tomsu,ftomsug@vistaprint.com,Male,WAUWG74FX9N269150
18,Sheila,Ballsdon,sballsdonh@xrea.com,Female,WAUMF78P66A120640
19,Candide,Wingham,cwinghami@angelfire.com,Female,19XFB4F28EE610361
20,Rosina,Dat,rdatj@reddit.com,Female,1G4GG5E3XDF239628
21,Millicent,Cino,mcinok@blogger.com,Female,WBABS53402E784777
22,Ansel,Nelles,anellesl@slate.com,Male,WBSBR93405P714848
23,Rhody,Bentinck,rbentinckm@bbb.org,Female,WAUKD98P97A531430
24,David,Heathcott,dheathcottn@harvard.edu,Male,1FTMF1CW4AK546941
25,Fielding,Lutton,fluttono@nhs.uk,Male,WAUAVAFD3CN529260
26,Yul,Hubbuck,yhubbuckp@youtube.com,Male,1HGCR6F50EA483551
27,Storm,McGilvra,smcgilvraq@sbwire.com,Female,5TDBCRFH8FS760152
28,Cami,Halliberton,challibertonr@networksolutions.com,Female,1C4RDJAG2EC897289
29,Rafe,Kleint,rkleints@rambler.ru,Male,4T3BA3BB8DU358602
30,Correna,Hoble,choblet@opera.com,Bigender,WBAPH7G5XAN564466
31,Mabelle,Fosdyke,mfosdykeu@google.co.uk,Female,1G4HB5EM5AU939253
32,Christabella,Coats,ccoatsv@xrea.com,Female,WBABV13444J207549
33,Benjy,Grenter,bgrenterw@jalbum.net,Male,WAUDH94F66N168067
34,Gladys,Schachter,gschachterx@craigslist.org,Female,WAUUL98E27A944686
35,Marcellus,Mackelworth,mmackelworthy@google.com.hk,Male,SCBLC47J47C809913
36,Letitia,McEnteggart,lmcenteggartz@uol.com.br,Female,1FTSF3A58AE678631
37,Scarface,Jolly,sjolly10@businessweek.com,Male,JN8AF5MV3FT117105
38,Tracie,Spawell,tspawell11@51.la,Female,19VDE2E51EE215655
39,Orin,Ruddiman,oruddiman12@miibeian.gov.cn,Male,KMHTC6AD1EU754965
40,Lydia,Creboe,lcreboe13@yelp.com,Female,5TDDK3DC4ES060188
41,Shanna,Dennis,sdennis14@google.fr,Female,WAUAF78E15A102238
42,Broddy,Imison,bimison15@delicious.com,Male,WBAUU3C58CA216544
43,Alphard,Quenby,aquenby16@alibaba.com,Male,19UYA42503A249088
44,Judie,Bragge,jbragge17@cnbc.com,Female,3LN6L2LU3FR030545
45,Carine,Ditchburn,cditchburn18@youtu.be,Female,WBA4A7C5XFD367162
46,Cahra,Stidson,cstidson19@furl.net,Non-binary,WBSBL93411J126388
47,Nanny,Truder,ntruder1a@howstuffworks.com,Female,1G4GE5G30CF416107
48,Karyn,Izak,kizak1b@tamu.edu,Female,1G6AH5S33D0256594
49,Letisha,Lounds,llounds1c@patch.com,Female,TRUWX28N611454563
50,Bevin,Brookwood,bbrookwood1d@topsy.com,Male,WAUDN94F58N336129
51,Quinta,Fann,qfann1e@usda.gov,Female,WBABD334X4J594199
52,Gale,Adamides,gadamides1f@yellowbook.com,Female,5UXZV8C55DL744873
53,Bertina,Walworche,bwalworche1g@nytimes.com,Female,WAUKG58E05A015078
54,Myrtia,Cleve,mcleve1h@reverbnation.com,Female,WAUGN94FX7N719544
55,Borg,Screas,bscreas1i@wikispaces.com,Male,4A31K3DT2CE838460
56,Mavis,Bockh,mbockh1j@i2i.jp,Female,3GYFNJE62BS375537
57,Raf,Rishworth,rrishworth1k@barnesandnoble.com,Female,YV126MFC6F2622447
58,Sayer,Bromilow,sbromilow1l@java.com,Male,KMHHT6KD5AU798322
59,Roxanne,Guisler,rguisler1m@mit.edu,Polygender,4T1BF3EK0AU933437
60,Hestia,Blinder,hblinder1n@craigslist.org,Female,3C6TD5LT8CG387568
61,Teddi,Madgwich,tmadgwich1o@fc2.com,Female,1C4RDHEG3CC608162
62,Jandy,Simpole,jsimpole1p@google.com.hk,Female,SCBCR63W86C943673
63,Margette,Gavrielly,mgavrielly1q@google.cn,Female,JN1AZ4EH9FM460102
64,Rube,Iacopo,riacopo1r@comsenz.com,Male,3C3CFFJH2FT680566
65,Deny,Buffham,dbuffham1s@nydailynews.com,Female,WBA3T7C58FP130626
66,Nell,Giamo,ngiamo1t@virginia.edu,Female,SAJWA6FC0E8031254
67,Ramsay,Bricksey,rbricksey1u@paginegialle.it,Male,1GKUCFDJ2AR054867
68,Staffard,Prendeguest,sprendeguest1v@alexa.com,Male,WAUGFAFR1CA630873
69,Tracey,O'Keenan,tokeenan1w@goo.ne.jp,Non-binary,SALME1D44AA795130
70,Skelly,De Hooch,sdehooch1x@godaddy.com,Male,1HGCR2F39EA328312
71,Stormie,McGrirl,smcgrirl1y@youtube.com,Female,2C3CDXCT4FH525510
72,Anne,Raith,araith1z@census.gov,Female,2G4WE537751271520
73,Rudd,Rosel,rrosel20@twitter.com,Male,SCBLC31E81C801410
74,Hazel,Fasham,hfasham21@ucla.edu,Female,1FMJK1H51BE344195
75,Dudley,Willes,dwilles22@mozilla.com,Male,WBAEU33424P860258
76,Rudie,Yepiskopov,ryepiskopov23@nymag.com,Male,WUAAU34298N658861
77,Leonid,Gooder,lgooder24@upenn.edu,Male,YV4960BZ0A1623516
78,Faulkner,MacIlraith,fmacilraith25@bing.com,Male,WP0AA2A99FS396081
79,Elisabet,Cullivan,ecullivan26@spiegel.de,Bigender,WBAVC93558K456159
80,Lottie,Domney,ldomney27@merriam-webster.com,Female,1G6DH5EY1B0037179
81,Jeramie,Braunthal,jbraunthal28@nasa.gov,Male,WAUEH78E66A010703
82,Willabella,Hause,whause29@topsy.com,Female,5N1CR2MN0EC692329
83,Isabella,Rennenbach,irennenbach2a@stumbleupon.com,Female,1FMJK1G58AE405526
84,Ewell,Flamank,eflamank2b@tuttocitta.it,Male,TRURD38J191236311
85,Salem,Alred,salred2c@omniture.com,Male,3VW117AU9FM741018
86,Newton,Dashkovich,ndashkovich2d@tripadvisor.com,Male,JN8AZ2KR8DT549262
87,Westbrook,Mirams,wmirams2e@furl.net,Male,1FMJK1K51AE889370
88,Ulric,Januszewski,ujanuszewski2f@google.it,Male,WAUSF78E27A217776
89,Tallie,Ranns,tranns2g@google.pl,Male,WA1WMAFE8CD833558
90,Prudence,Silverthorn,psilverthorn2h@elegantthemes.com,Female,WAUKF78E38A580430
91,Chiarra,Deware,cdeware2i@nsw.gov.au,Polygender,1D4PU6GX8BW660623
92,Galen,Triplett,gtriplett2j@prnewswire.com,Male,2G4WD552561932855
93,Lu,Rowan,lrowan2k@engadget.com,Female,WAUGU44D92N245342
94,Kristo,Weddup,kweddup2l@uol.com.br,Male,WBAYE8C59FD438654
95,Thadeus,Eric,teric2m@cdc.gov,Male,5N1AT2MK5FC085469
96,Hynda,Ivamy,hivamy2n@list-manage.com,Non-binary,WA1WMAFE5FD514803
97,Greggory,Pinchback,gpinchback2o@reuters.com,Male,5GALRCED6AJ709299
98,Zachary,Wickardt,zwickardt2p@sphinn.com,Male,WBALW3C52DC760601
99,Melly,Purver,mpurver2q@cisco.com,Female,1GYFK63858R766221
100,Darya,Polsin,dpolsin2r@topsy.com,Female,19XFB2F54CE596406