id,first_name,last_name,email,gender,salary
1,Valle,Feild,vfeild0@hugedomains.com,M,2996
2,Lissie,O'Fallowne,lofallowne1@scientificamerican.com,F,2460
3,Biddy,McCurtin,bmccurtin2@1688.com,F,6941
4,Sonnnie,Beeke,sbeeke3@biblegateway.com,F,2777
5,Itch,Tomsu,itomsu4@fda.gov,M,3518
6,Micheal,Ferretti,mferretti5@fotki.com,M,3982
7,Ephraim,Saura,esaura6@issuu.com,M,2571
8,Winslow,Yele,wyele7@shinystat.com,M,9662
9,Arabela,Joppich,ajoppich8@arizona.edu,F,3721
10,Ivie,Lynd,ilynd9@timesonline.co.uk,F,4087
11,Consalve,Lampe,clampea@omniture.com,M,6396
12,Jasmin,Agdahl,jagdahlb@liveinternet.ru,F,9356
13,Dane,Uden,dudenc@exblog.jp,M,9210
14,Nigel,Bulcroft,nbulcroftd@irs.gov,M,4170
15,Dosi,Allicock,dallicocke@cbslocal.com,F,4963
16,Eugen,Giacomuzzi,egiacomuzzif@dagondesign.com,M,3537
17,Phil,Eton,petong@wikipedia.org,M,7655
18,Morrie,Loveard,mloveardh@jigsy.com,M,6609
19,Rodger,Lorans,rloransi@chronoengine.com,M,9720
20,Conchita,Downey,cdowneyj@creativecommons.org,F,7281
21,Junette,Grzesiewicz,jgrzesiewiczk@csmonitor.com,F,4977
22,Hilly,Forestel,hforestell@go.com,M,7735
23,Moe,Antonescu,mantonescum@etsy.com,M,5843
24,Grace,Morrow,gmorrown@opera.com,M,5688
25,Wallas,Sappy,wsappyo@pen.io,M,7113
26,Ludwig,Aberdein,laberdeinp@cbsnews.com,M,7664
27,Baryram,Worsnop,bworsnopq@microsoft.com,M,6393
28,Corrine,Sparrow,csparrowr@creativecommons.org,F,5697
29,Stace,Beaston,sbeastons@edublogs.org,F,8223
30,Town,Carine,tcarinet@smugmug.com,M,4962
31,Albie,Chestnut,achestnutu@simplemachines.org,M,7740
32,Elke,Petkovic,epetkovicv@cisco.com,F,6270
33,Granger,Goly,ggolyw@icio.us,M,6245
34,Rubin,Mugridge,rmugridgex@mapquest.com,M,4653
35,Pen,Pellant,ppellanty@amazonaws.com,F,4565
36,Felike,Deely,fdeelyz@cnbc.com,M,5155
37,Lurline,Cardew,lcardew10@discuz.net,F,2845
38,Budd,Valente,bvalente11@aboutads.info,M,7418
39,Bat,Hodjetts,bhodjetts12@usatoday.com,M,3785
40,Martguerita,O'Brien,mobrien13@1688.com,F,8105
41,Jennica,Blockey,jblockey14@omniture.com,F,3302
42,Yorgos,LLelweln,yllelweln15@cbsnews.com,M,2829
43,Hugibert,Callister,hcallister16@webeden.co.uk,M,5340
44,Feliks,Fuggles,ffuggles17@wsj.com,M,7546
45,Sloan,Silley,ssilley18@trellian.com,M,9913
46,Derrick,Bourdice,dbourdice19@patch.com,M,5996
47,Jae,Gunthorp,jgunthorp1a@4shared.com,M,5333
48,Aristotle,Millin,amillin1b@dion.ne.jp,M,8850
49,Pooh,Janoschek,pjanoschek1c@hc360.com,M,7477
50,Rabi,Liccardo,rliccardo1d@tiny.cc,M,2040
51,Sutherlan,Sindle,ssindle1e@jalbum.net,M,2791
52,Blondelle,Oaten,boaten1f@si.edu,F,3836
53,Lonnard,Gooch,lgooch1g@yahoo.co.jp,M,2751
54,Tonya,Klimentyonok,tklimentyonok1h@techcrunch.com,F,7181
55,Hinda,Hainey`,hhainey1i@admin.ch,F,3822
56,Kipp,Kollasch,kkollasch1j@salon.com,F,3420
57,Kitti,Bloomer,kbloomer1k@xing.com,F,5797
58,Sabina,Kantor,skantor1l@wp.com,F,6993
59,Brittan,Palluschek,bpalluschek1m@angelfire.com,F,3223
60,Suzanne,Collyns,scollyns1n@ft.com,F,3983
61,Ingeberg,Millichap,imillichap1o@marketwatch.com,F,3200
62,Kamilah,Harold,kharold1p@tinyurl.com,F,5811
63,Renate,Goggin,rgoggin1q@4shared.com,F,3119
64,Saunderson,Corey,scorey1r@usnews.com,M,8179
65,Georgi,Doughill,gdoughill1s@histats.com,M,8919
66,Brooke,Smieton,bsmieton1t@google.fr,F,6199
67,Mame,Petruszka,mpetruszka1u@sfgate.com,F,6773
68,Lock,Craw,lcraw1v@usnews.com,M,7280
69,Anallese,Stucksbury,astucksbury1w@google.ca,F,6221
70,Richmond,Willerton,rwillerton1x@blog.com,M,2481
71,Flora,Stabler,fstabler1y@hostgator.com,F,4721
72,Maude,Alderson,malderson1z@noaa.gov,F,2719
73,Griffie,Quidenham,gquidenham20@phoca.cz,M,2790
74,Carley,Gunbie,cgunbie21@tiny.cc,F,6535
75,Mario,Galletly,mgalletly22@linkedin.com,M,7881
76,Farrell,Leachman,fleachman23@geocities.jp,M,9258
77,Larissa,Skoate,lskoate24@freewebs.com,F,3101
78,Wendeline,Carleman,wcarleman25@wiley.com,F,9282
79,Hannis,Ashforth,hashforth26@netlog.com,F,7134
80,Philippine,Stappard,pstappard27@weibo.com,F,8329
81,Nerti,Jochen,njochen28@wiley.com,F,3918
82,Genevra,Southwick,gsouthwick29@mapquest.com,F,7134
83,Philippe,Carbry,pcarbry2a@ebay.com,F,7816
84,Orran,Lohmeyer,olohmeyer2b@utexas.edu,M,8807
85,Romeo,Geeritz,rgeeritz2c@pinterest.com,M,4008
86,Noby,Folli,nfolli2d@paginegialle.it,M,8933
87,Carter,Shaughnessy,cshaughnessy2e@apache.org,M,2416
88,Annmarie,Grabban,agrabban2f@unc.edu,F,9462
89,Wynny,Lohan,wlohan2g@smh.com.au,F,6631
90,Franz,Hilliam,fhilliam2h@github.io,M,7341
91,Rolph,Drake,rdrake2i@economist.com,M,2760
92,Katharina,Lobe,klobe2j@narod.ru,F,4512
93,Kenny,Thackray,kthackray2k@ox.ac.uk,M,7522
94,Emilee,Tollet,etollet2l@state.tx.us,F,5629
95,Tandi,Georgeon,tgeorgeon2m@unblog.fr,F,5145
96,Boniface,Matyushkin,bmatyushkin2n@sun.com,M,2180
97,Idalia,Blagbrough,iblagbrough2o@acquirethisname.com,F,7815
98,Ernestine,Skerm,eskerm2p@a8.net,F,8940
99,Merrie,Bastone,mbastone2q@toplist.cz,F,6430
100,Iolande,Rosebotham,irosebotham2r@mail.ru,F,8200